Dropbox,Hybrid Demo,248,1/1/2019,Subscriptions
Dropbox,Hybrid Demo,248,2/1/2019,Subscriptions
Dropbox,Hybrid Demo,248,3/1/2019,Subscriptions
Dropbox,Hybrid Demo,248,4/1/2019,Subscriptions
Dropbox,Hybrid Demo,248,5/1/2019,Subscriptions
Dropbox,Hybrid Demo,248,6/1/2019,Subscriptions
Dropbox,Hybrid Demo,248,7/1/2019,Subscriptions
Dropbox,Hybrid Demo,248,8/1/2019,Subscriptions
Dropbox,Hybrid Demo,248,9/1/2019,Subscriptions
Dropbox,Hybrid Demo,248,10/1/2019,Subscriptions
Dropbox,Hybrid Demo,248,11/1/2019,Subscriptions
Dropbox,Hybrid Demo,248,12/1/2019,Subscriptions
Oracle DB,Hybrid Demo,423,1/1/2019,Subscriptions
Oracle DB,Hybrid Demo,423,2/1/2019,Subscriptions
Oracle DB,Hybrid Demo,423,3/1/2019,Subscriptions
Oracle DB,Hybrid Demo,423,4/1/2019,Subscriptions
Oracle DB,Hybrid Demo,423,5/1/2019,Subscriptions
Oracle DB,Hybrid Demo,423,6/1/2019,Subscriptions
Oracle DB,Hybrid Demo,423,7/1/2019,Subscriptions
Oracle DB,Hybrid Demo,423,8/1/2019,Subscriptions
Oracle DB,Hybrid Demo,423,9/1/2019,Subscriptions
Oracle DB,Hybrid Demo,423,10/1/2019,Subscriptions
Oracle DB,Hybrid Demo,423,11/1/2019,Subscriptions
Oracle DB,Hybrid Demo,423,12/1/2019,Subscriptions
Dedicated line,Hybrid Demo,117,1/1/2019,Network
Dedicated line,Hybrid Demo,117,2/1/2019,Network
Dedicated line,Hybrid Demo,117,3/1/2019,Network
Dedicated line,Hybrid Demo,117,4/1/2019,Network
Dedicated line,Hybrid Demo,117,5/1/2019,Network
Dedicated line,Hybrid Demo,117,6/1/2019,Network
Dedicated line,Hybrid Demo,117,7/1/2019,Network
Dedicated line,Hybrid Demo,117,8/1/2019,Network
Dedicated line,Hybrid Demo,117,9/1/2019,Network
Dedicated line,Hybrid Demo,117,10/1/2019,Network
Dedicated line,Hybrid Demo,117,11/1/2019,Network
Dedicated line,Hybrid Demo,117,12/1/2019,Network
